time,pass,rel_err,utau
10,1,0.0022751447190463,0.045983782274623
