time,pass,rel_err,utau
10,1,0.0022357190067124,0.045981973446597
